{"cameraMode":{"drawMode":0,"name":"Shaded","section":"Shading Mode"},"sceneLighting":true,"audioPlay":false,"sceneViewState":{"m_AlwaysRefresh":false,"showFog":true,"showSkybox":true,"showFlares":true,"showImageEffects":true,"showParticleSystems":true,"showVisualEffectGraphs":true,"m_FxEnabled":true},"in2DMode":false,"pivot":{"x":-32.94845199584961,"y":5.920129299163818,"z":96.74299621582031},"rotation":{"x":0.013499795459210873,"y":-1.5855552248922323e-7,"z":-0.000006221624516911106,"w":0.9999188184738159},"size":56.23240661621094,"orthographic":false}