{"cameraMode":{"drawMode":0,"name":"Shaded","section":"Shading Mode"},"sceneLighting":true,"audioPlay":false,"sceneViewState":{"m_AlwaysRefresh":false,"showFog":true,"showSkybox":true,"showFlares":true,"showImageEffects":true,"showParticleSystems":true,"showVisualEffectGraphs":true,"m_FxEnabled":true},"in2DMode":false,"pivot":{"x":4.066516399383545,"y":1.1531286239624024,"z":54.820735931396487},"rotation":{"x":0.0014999686973169447,"y":0.008999922312796116,"z":-0.00001968170727195684,"w":0.9999686479568481},"size":193.48355102539063,"orthographic":true}