{"cameraMode":{"drawMode":0,"name":"Shaded","section":"Shading Mode"},"sceneLighting":true,"audioPlay":false,"sceneViewState":{"m_AlwaysRefresh":false,"showFog":true,"showSkybox":true,"showFlares":true,"showImageEffects":true,"showParticleSystems":true,"showVisualEffectGraphs":true,"m_FxEnabled":true},"in2DMode":false,"pivot":{"x":-4.800334453582764,"y":-4.368541717529297,"z":169.02145385742188},"rotation":{"x":0.0014999686973169447,"y":0.008999922312796116,"z":-0.00001968170727195684,"w":0.9999686479568481},"size":97.82218170166016,"orthographic":true}