{"cameraMode":{"drawMode":0,"name":"Shaded","section":"Shading Mode"},"sceneLighting":true,"audioPlay":false,"sceneViewState":{"m_AlwaysRefresh":false,"showFog":true,"showSkybox":true,"showFlares":true,"showImageEffects":true,"showParticleSystems":true,"showVisualEffectGraphs":true,"m_FxEnabled":true},"in2DMode":false,"pivot":{"x":19.660377502441408,"y":2.5661120414733888,"z":-0.9326572418212891},"rotation":{"x":0.04348604381084442,"y":-0.005995034705847502,"z":0.0002562381559982896,"w":0.9990487098693848},"size":76.98238372802735,"orthographic":true}