{"cameraMode":{"drawMode":0,"name":"Shaded","section":"Shading Mode"},"sceneLighting":true,"audioPlay":false,"sceneViewState":{"m_AlwaysRefresh":false,"showFog":true,"showSkybox":true,"showFlares":true,"showImageEffects":true,"showParticleSystems":true,"showVisualEffectGraphs":true,"m_FxEnabled":true},"in2DMode":false,"pivot":{"x":31.792917251586915,"y":16.771909713745118,"z":-15.343999862670899},"rotation":{"x":0.016499074175953866,"y":-0.0074991085566580299,"z":0.00011753469880204648,"w":0.9998459815979004},"size":50.36305618286133,"orthographic":false}