{"cameraMode":{"drawMode":0,"name":"Shaded","section":"Shading Mode"},"sceneLighting":true,"audioPlay":false,"sceneViewState":{"m_AlwaysRefresh":false,"showFog":true,"showSkybox":true,"showFlares":true,"showImageEffects":true,"showParticleSystems":true,"showVisualEffectGraphs":true,"m_FxEnabled":true},"in2DMode":false,"pivot":{"x":25.204612731933595,"y":-7.707749366760254,"z":224.61172485351563},"rotation":{"x":0.0014999686973169447,"y":0.008999922312796116,"z":-0.00001968170727195684,"w":0.9999686479568481},"size":69.50810241699219,"orthographic":true}